,Unnamed: 0,School Name,School Address | Contact Info,Ranking,Selectivity,Student Faculty Ratio,Atheletic Association,Acceptance Rate,School Type,Religious Affilation,Setting,Tuition
0,0,Princeton University,"Princeton, NJ 08544 | (609) 258-3000",#1 in National Universities,Most selective,5:1,NCAA I,5%,"Private, Coed",None,Suburban,"$51,870 (2019-20)"
1,1,Harvard University,"Cambridge, MA 02138 | (617) 495-1000",#2 in National Universities,Most selective,6:1,NCAA I,5%,"Private, Coed",None,Urban,"$51,925 (2019-20)"
2,2,Columbia University,"2960 Broadway, New York, NY 10027 | (212) 854-1754",#3 in National Universities (tie),Most selective,6:1,NCAA I,6%,"Private, Coed",None,Urban,"$61,850 (2019-20)"
3,3,Massachusetts Institute of Technology,"77 Massachusetts Avenue, Cambridge, MA 02139 | (617) 253-1000",#3 in National Universities (tie),Most selective,3:1,NCAA III,7%,"Private, Coed",None,Urban,"$53,790 (2019-20)"
4,4,Yale University,"New Haven, CT 06520 | (203) 432-4771",#3 in National Universities (tie),Most selective,6:1,NCAA I,6%,"Private, Coed",None,City,"$55,500 (2019-20)"
5,5,Stanford University,"Stanford, CA 94305 | (650) 723-2300",#6 in National Universities (tie),Most selective,5:1,NCAA I,4%,"Private, Coed",None,Suburban,"$53,529 (2019-20)"
6,6,University of Chicago,"5801 S. Ellis Avenue, Chicago, IL 60637 | (773) 702-1234",#6 in National Universities (tie),Most selective,5:1,NCAA III,7%,"Private, Coed",None,Urban,"$59,298 (2019-20)"
7,7,University of Pennsylvania,"1 College Hall, Room 100, Philadelphia, PA 19104 | (215) 898-5000",#6 in National Universities (tie),Most selective,6:1,NCAA I,8%,"Private, Coed",None,Urban,"$57,770 (2019-20)"
8,8,Northwestern University,"633 Clark Street, Evanston, IL 60208 | (847) 491-3741",#9 in National Universities,Most selective,6:1,NCAA I,8%,"Private, Coed",None,Suburban,"$56,691 (2019-20)"
9,9,Duke University,"2138 Campus Drive, Box 90586, Durham, NC 27708 | (919) 684-8111",#10 in National Universities (tie),Most selective,6:1,NCAA I,9%,"Private, Coed",None,Suburban,"$58,198 (2019-20)"
10,10,Johns Hopkins University,"3400 N. Charles Street, Baltimore, MD 21218 | (941) 516-8000",#10 in National Universities (tie),Most selective,7:1,NCAA III,11%,"Private, Coed",None,Urban,"$55,350 (2019-20)"
11,11,California Institute of Technology,"1200 E. California Boulevard, Pasadena, CA 91125 | (626) 395-6811",#12 in National Universities (tie),Most selective,3:1,NCAA III,7%,"Private, Coed",None,Suburban,"$54,600 (2019-20)"
12,12,Dartmouth College,"6016 McNutt Hall, Hanover, NH 03755 | (603) 646-1110",#12 in National Universities (tie),Most selective,7:1,NCAA I,9%,"Private, Coed",None,Rural,"$57,204 (2019-20)"
13,13,Brown University,"Box 1920, Providence, RI 02912 | (401) 863-1000",#14 in National Universities,Most selective,6:1,NCAA I,8%,"Private, Coed",None,City,"$58,504 (2019-20)"
14,14,University of Notre Dame,"Notre Dame, IN 46556 | (574) 631-5000",#15 in National Universities (tie),Most selective,10:1,NCAA I,18%,"Private, Coed",Roman Catholic,City,"$55,553 (2019-20)"
15,15,Vanderbilt University,"Nashville, TN 37240 | (615) 322-7311",#15 in National Universities (tie),Most selective,7:1,NCAA I,10%,"Private, Coed",None,Urban,"$52,070 (2019-20)"
16,16,Cornell University,"Ithaca, NY 14853 | (607) 255-2000",#17 in National Universities (tie),Most selective,9:1,NCAA I,11%,"Private, Coed",None,Rural,"$57,222 (2019-20)"
17,17,Rice University,"PO Box 1892, Houston, TX 77251 | (713) 348-0000",#17 in National Universities (tie),Most selective,6:1,NCAA I,11%,"Private, Coed",None,Urban,"$49,112 (2019-20)"
18,18,Washington University in St. Louis,"Campus Box 1089, 1 Brookings Drive, St. Louis, MO 63130 | (314) 935-5000",#19 in National Universities,Most selective,7:1,NCAA III,15%,"Private, Coed",None,Suburban,"$55,292 (2019-20)"
19,19,University of California--Los Angeles,"405 Hilgard Avenue, Los Angeles, CA 90095 | (310) 825-4321",#20 in National Universities,Most selective,18:1,NCAA I,14%,"Public, Coed",None,Urban,"$13,226 (2019-20)"
20,20,Emory University,"201 Dowman Drive, Atlanta, GA 30322 | (404) 727-6123",#21 in National Universities,Most selective,9:1,NCAA III,19%,"Private, Coed",United Methodist,City,"$53,804 (2019-20)"
21,21,University of California--Berkeley,"110 Sproul Hall, Berkeley, CA 94720 | (510) 642-6000",#22 in National Universities (tie),Most selective,20:1,NCAA I,15%,"Public, Coed",None,City,"$14,184 (2019-20)"
22,22,University of Southern California,"University Park, Los Angeles, CA 90089 | (213) 740-2311",#22 in National Universities (tie),Most selective,9:1,NCAA I,13%,"Private, Coed",None,Urban,"$58,195 (2019-20)"
23,23,Georgetown University,"37th and O Streets NW, Washington, DC 20057 | (202) 687-0100",#24 in National Universities,Most selective,11:1,NCAA I,15%,"Private, Coed",Roman Catholic,Urban,"$56,058 (2019-20)"
24,24,Carnegie Mellon University,"5000 Forbes Avenue, Pittsburgh, PA 15213 | (412) 268-2000",#25 in National Universities (tie),Most selective,13:1,NCAA III,17%,"Private, Coed",None,Urban,"$57,119 (2019-20)"
25,25,University of Michigan--Ann Arbor,"500 S. State St., Ann Arbor, MI 48109 | (734) 764-1817",#25 in National Universities (tie),Most selective,15:1,NCAA I,23%,"Public, Coed",None,City,"$15,558 (2019-20)"
26,26,Wake Forest University,"P.O. Box 7373, Reynolda Station, Winston-Salem, NC 27109 | (336) 758-5000",#27 in National Universities,Most selective,10:1,NCAA I,29%,"Private, Coed",None,Suburban,"$55,440 (2019-20)"
27,27,University of Virginia,"Charlottesville, VA 22904 | (434) 924-0311",#28 in National Universities,Most selective,15:1,NCAA I,26%,"Public, Coed",None,Suburban,"$17,891 (2019-20)"
28,28,Georgia Institute of Technology,"225 North Avenue NW, Atlanta, GA 30332 | (404) 894-2000",#29 in National Universities (tie),Most selective,21:1,NCAA I,23%,"Public, Coed",None,Urban,"$12,682 (2019-20)"
29,29,New York University,"70 Washington Square S, New York, NY 10012 | (212) 998-1212",#29 in National Universities (tie),Most selective,9:1,NCAA III,20%,"Private, Coed",None,Urban,"$53,308 (2019-20)"
30,30,Tufts University,"Bendetson Hall, Medford, MA 02155 | (617) 627-5195",#29 in National Universities (tie),Most selective,9:1,NCAA III,15%,"Private, Coed",None,Suburban,"$58,578 (2019-20)"
31,31,University of North Carolina--Chapel Hill,"South Building, CB #9100, Chapel Hill, NC 27599 | (919) 962-2211",#29 in National Universities (tie),Most selective,13:1,NCAA I,22%,"Public, Coed",None,Suburban,"$9,043 (2019-20)"
32,32,University of Rochester,"Wilson Boulevard, Rochester, NY 14627 | (585) 275-2121",#29 in National Universities (tie),Most selective,10:1,NCAA III,29%,"Private, Coed",None,Suburban,"$56,026 (2019-20)"
33,33,University of California--Santa Barbara,"Santa Barbara, CA 93106 | (805) 893-8000",#34 in National Universities (tie),Most selective,17:1,NCAA I,32%,"Public, Coed",None,Suburban,"$14,391 (2019-20)"
34,34,University of Florida,"201 Criser Hall, Gainesville, FL 32611 | (352) 392-3261",#34 in National Universities (tie),Most selective,18:1,NCAA I,39%,"Public, Coed",None,Suburban,"$6,380 (2019-20)"
35,35,University of California--Irvine,"Irvine, CA 92697 | (949) 824-5011",#36 in National Universities,Most selective,18:1,NCAA I,29%,"Public, Coed",None,Suburban,"$13,727 (2019-20)"
36,36,Boston College,"140 Commonwealth Avenue, Chestnut Hill, MA 02467 | (617) 552-3100",#37 in National Universities (tie),Most selective,11:1,NCAA I,28%,"Private, Coed",Roman Catholic,Suburban,"$57,910 (2019-20)"
37,37,University of California--San Diego,"9500 Gilman Drive, La Jolla, CA 92093 | (858) 534-2230",#37 in National Universities (tie),Most selective,19:1,NCAA II,30%,"Public, Coed",None,Urban,"$14,170 (2019-20)"
38,38,University of California--Davis,"1 Shields Avenue, Davis, CA 95616 | (530) 752-1011",#39 in National Universities,More selective,20:1,NCAA I,41%,"Public, Coed",None,City,"$14,492 (2019-20)"
39,39,Boston University,"1 Silber Way, Boston, MA 02215 | (617) 353-2000",#40 in National Universities (tie),Most selective,10:1,NCAA I,22%,"Private, Coed",None,Urban,"$55,892 (2019-20)"
40,40,Brandeis University,"415 South Street, Waltham, MA 02454 | (781) 736-2000",#40 in National Universities (tie),Most selective,10:1,NCAA III,31%,"Private, Coed",None,Suburban,"$57,561 (2019-20)"
41,41,Case Western Reserve University,"10900 Euclid Avenue, Cleveland, OH 44106 | (216) 368-2000",#40 in National Universities (tie),Most selective,11:1,NCAA III,29%,"Private, Coed",None,Urban,"$50,904 (2019-20)"
42,42,College of William and Mary,"PO Box 8795, Williamsburg, VA 23187 | (757) 221-4000",#40 in National Universities (tie),Most selective,12:1,NCAA I,37%,"Public, Coed",None,Suburban,"$22,922 (2019-20)"
43,43,Northeastern University,"360 Huntington Avenue, Boston, MA 02115 | (617) 373-2000",#40 in National Universities (tie),Most selective,14:1,NCAA I,19%,"Private, Coed",None,Urban,"$53,506 (2019-20)"
44,44,Tulane University,"6823 St. Charles Avenue, 210 Gibson Hall, New Orleans, LA 70118 | (504) 865-5000",#40 in National Universities (tie),Most selective,8:1,NCAA I,17%,"Private, Coed",None,Urban,"$56,800 (2019-20)"
45,45,University of Wisconsin--Madison,"500 Lincoln Drive, Madison, WI 53706 | (608) 262-1234",#46 in National Universities (tie),More selective,17:1,NCAA I,52%,"Public, Coed",None,City,"$10,725 (2019-20)"
46,46,Villanova University,"800 Lancaster Avenue, Villanova, PA 19085 | (610) 519-4500",#46 in National Universities (tie),Most selective,11:1,NCAA I,29%,"Private, Coed",Roman Catholic,Suburban,"$55,430 (2019-20)"
47,47,University of Illinois--Urbana-Champaign,"601 E. John Street, Champaign, IL 61820 | (217) 333-1000",#48 in National Universities (tie),More selective,20:1,NCAA I,62%,"Public, Coed",None,City,"$16,210 (2019-20)"
48,48,University of Texas--Austin,"Austin, TX 78705 | (512) 471-3434",#48 in National Universities (tie),Most selective,19:1,NCAA I,39%,"Public, Coed",None,Urban,"$10,818 (2019-20)"
49,49,Lehigh University,"27 Memorial Drive West, Bethlehem, PA 18015 | (610) 758-3000",#50 in National Universities (tie),More selective,9:1,NCAA I,22%,"Private, Coed",None,City,"$55,240 (2019-20)"
50,50,Pepperdine University,"24255 Pacific Coast Highway, Malibu, CA 90263 | (310) 506-4000",#50 in National Universities (tie),More selective,14:1,NCAA I,36%,"Private, Coed",Churches of Christ,Suburban,"$55,892 (2019-20)"
51,51,Rensselaer Polytechnic Institute,"110 Eighth Street, Troy, NY 12180 | (518) 276-6000",#50 in National Universities (tie),Most selective,13:1,NCAA III,43%,"Private, Coed",None,Suburban,"$55,378 (2019-20)"
52,52,University of Georgia,"Administration Building, Athens, GA 30602 | (706) 542-3000",#50 in National Universities (tie),More selective,17:1,NCAA I,49%,"Public, Coed",None,City,"$12,080 (2019-20)"
53,53,Ohio State University--Columbus,"281 W. Lane Ave., Columbus, OH 43210 | (614) 292-6446",#54 in National Universities (tie),More selective,19:1,NCAA I,52%,"Public, Coed",None,Urban,"$11,084 (2019-20)"
54,54,Santa Clara University,"500 El Camino Real, Santa Clara, CA 95053 | (408) 554-4000",#54 in National Universities (tie),More selective,11:1,NCAA I,50%,"Private, Coed",Roman Catholic,City,"$53,634 (2019-20)"
55,55,Syracuse University,"Syracuse, NY 13244 | (315) 443-1870",#54 in National Universities (tie),More selective,15:1,NCAA I,50%,"Private, Coed",None,City,"$53,849 (2019-20)"
56,56,Florida State University,"Tallahassee, FL 32306 | (850) 644-2525",#57 in National Universities (tie),More selective,21:1,NCAA I,37%,"Public, Coed",None,City,"$6,507 (2019-20)"
57,57,Pennsylvania State University--University Park,"201 Old Main, University Park, PA 16802 | (814) 865-4700",#57 in National Universities (tie),More selective,14:1,NCAA I,56%,"Public, Coed",None,City,"$18,450 (2019-20)"
58,58,Purdue University--West Lafayette,"Schleman Hall, 475 Stadium Mall Drive, West Lafayette, IN 47907 | (765) 494-4600",#57 in National Universities (tie),More selective,13:1,NCAA I,58%,"Public, Coed",None,City,"$9,992 (2019-20)"
59,59,University of Miami,"PO Box 248025, Coral Gables, FL 33124 | (305) 284-2211",#57 in National Universities (tie),More selective,12:1,NCAA I,32%,"Private, Coed",None,Suburban,"$51,930 (2019-20)"
60,60,University of Pittsburgh,"4200 Fifth Avenue, Pittsburgh, PA 15260 | (412) 624-4141",#57 in National Universities (tie),More selective,14:1,NCAA I,59%,"Public, Coed",None,Urban,"$19,718 (2019-20)"
61,61,Rutgers University--New Brunswick,"65 Davidson Road, Room 202, Piscataway, NJ 08854 | (732) 932-1766",#62 in National Universities (tie),More selective,16:1,NCAA I,60%,"Public, Coed",None,City,"$15,407 (2019-20)"
62,62,University of Washington,"Box 355852, Seattle, WA 98195 | (206) 543-9686",#62 in National Universities (tie),More selective,19:1,NCAA I,49%,"Public, Coed",None,Urban,"$11,465 (2019-20)"
63,63,Loyola Marymount University,"1 LMU Drive, Los Angeles, CA 90045 | (800) 568-4636",#64 in National Universities (tie),More selective,10:1,NCAA I,47%,"Private, Coed",Roman Catholic,Suburban,"$50,283 (2019-20)"
64,64,Southern Methodist University,"PO Box 750181, Dallas, TX 75275 | (214) 768-2000",#64 in National Universities (tie),More selective,11:1,NCAA I,51%,"Private, Coed",United Methodist,Urban,"$56,560 (2019-20)"
65,65,University of Connecticut,"2131 Hillside Road, Unit 3088, Storrs, CT 06269 | (860) 486-2000",#64 in National Universities (tie),More selective,16:1,NCAA I,49%,"Public, Coed",None,Rural,"$17,226 (2019-20)"
66,66,University of Maryland--College Park,"College Park, MD 20742 | (301) 405-1000",#64 in National Universities (tie),More selective,18:1,NCAA I,47%,"Public, Coed",None,Suburban,"$10,778 (2019-20)"
67,67,University of Massachusetts--Amherst,"University Admissions Center, 37 Mather Drive, Amherst, MA 01003 | (413) 545-0111",#64 in National Universities (tie),More selective,17:1,NCAA I,60%,"Public, Coed",None,Suburban,"$16,389 (2019-20)"
68,68,Worcester Polytechnic Institute,"100 Institute Road, Worcester, MA 01609 | (508) 831-5000",#64 in National Universities (tie),More selective,13:1,NCAA III,42%,"Private, Coed",None,City,"$52,322 (2019-20)"
69,69,Clemson University,"105 Sikes Hall, Clemson, SC 29634 | (864) 656-3311",#70 in National Universities (tie),More selective,16:1,NCAA I,47%,"Public, Coed",None,Suburban,"$15,120 (2019-20)"
70,70,George Washington University,"1918 F Street NW, Washington, DC 20052 | (202) 994-1000",#70 in National Universities (tie),More selective,13:1,NCAA I,42%,"Private, Coed",None,Urban,"$56,935 (2019-20)"
71,71,Texas A&M University--College Station,"College Station, TX 77843 | (979) 845-3211",#70 in National Universities (tie),More selective,20:1,NCAA I,67%,"Public, Coed",None,City,"$11,232 (2019-20)"
72,72,University of Minnesota--Twin Cities,"100 Church Street SE, Minneapolis, MN 55455 | (612) 625-5000",#70 in National Universities (tie),More selective,17:1,NCAA I,52%,"Public, Coed",None,Urban,"$15,027 (2019-20)"
73,73,Fordham University,"113 W. 60th Street, New York, NY 10023 | (718) 817-1000",#74 in National Universities (tie),More selective,15:1,NCAA I,46%,"Private, Coed",Roman Catholic,Urban,"$54,093 (2019-20)"
74,74,Stevens Institute of Technology,"Castle Point on Hudson, Hoboken, NJ 07030 | (201) 216-5000",#74 in National Universities (tie),Most selective,10:1,NCAA III,41%,"Private, Coed",None,City,"$54,014 (2019-20)"
75,75,Virginia Tech,"Blacksburg, VA 24061 | (540) 231-6000",#74 in National Universities (tie),More selective,14:1,NCAA I,65%,"Public, Coed",None,Rural,"$13,691 (2019-20)"
76,76,American University,"4400 Massachusetts Avenue NW, Washington, DC 20016 | (202) 885-1000",#77 in National Universities (tie),More selective,12:1,NCAA I,32%,"Private, Coed",United Methodist,Suburban,"$49,889 (2019-20)"
77,77,Brigham Young University--Provo,"A-209 ASB, Provo, UT 84602 | (801) 422-1211",#77 in National Universities (tie),More selective,20:1,NCAA I,64%,"Private, Coed",Latter Day Saints (Mormon Church),City,"$5,790 (2019-20)"
78,78,Baylor University,"1 Bear Place, Waco, TX 76798 | (254) 710-1011",#79 in National Universities (tie),More selective,14:1,NCAA I,52%,"Private, Coed", Baptist,City,"$47,364 (2019-20)"
79,79,Binghamton University--SUNY,"PO Box 6000, Binghamton, NY 13902 | (607) 777-2000",#79 in National Universities (tie),More selective,19:1,NCAA I,40%,"Public, Coed",None,Suburban,"$10,201 (2019-20)"
80,80,Gonzaga University,"502 E. Boone Avenue, Spokane, WA 99258 | (509) 328-4220",#79 in National Universities (tie),More selective,11:1,NCAA I,66%,"Private, Coed",Roman Catholic,City,"$45,140 (2019-20)"
81,81,Indiana University--Bloomington,"107 S. Indiana Avenue, Bloomington, IN 47405 | (812) 855-4848",#79 in National Universities (tie),More selective,16:1,NCAA I,77%,"Public, Coed",None,City,"$10,949 (2019-20)"
82,82,University at Buffalo--SUNY,"3435 Main Street, Buffalo, NY 14214 | (716) 645-2000",#79 in National Universities (tie),More selective,14:1,NCAA I,56%,"Public, Coed",None,Suburban,"$10,180 (2019-20)"
83,83,Colorado School of Mines,"1500 Illinois Street, Golden, CO 80401 | (303) 273-3000",#84 in National Universities (tie),More selective,15:1,NCAA II,49%,"Public, Coed",None,Suburban,"$19,062 (2019-20)"
84,84,Elon University,"2700 Campus Box, Elon, NC 27244 | (336) 278-2000",#84 in National Universities (tie),More selective,12:1,NCAA I,72%,"Private, Coed",None,Suburban,"$36,571 (2019-20)"
85,85,Marquette University,"PO Box 1881, Milwaukee, WI 53201 | (414) 288-7250",#84 in National Universities (tie),More selective,14:1,NCAA I,82%,"Private, Coed",Roman Catholic,Urban,"$43,936 (2019-20)"
86,86,Michigan State University,"426 Auditorium Road, East Lansing, MI 48824 | (517) 355-1855",#84 in National Universities (tie),More selective,16:1,NCAA I,78%,"Public, Coed",None,Suburban,"$14,460 (2019-20)"
87,87,North Carolina State University--Raleigh,"Box 7001, Raleigh, NC 27695 | (919) 515-2011",#84 in National Universities (tie),More selective,14:1,NCAA I,47%,"Public, Coed",None,City,"$9,101 (2019-20)"
88,88,University of California--Santa Cruz,"1156 High Street, Santa Cruz, CA 95064 | (831) 459-0111",#84 in National Universities (tie),More selective,19:1,NCAA III,48%,"Public, Coed",None,Suburban,"$14,054 (2019-20)"
89,89,University of Iowa,"107 Calvin Hall, Iowa City, IA 52242 | (319) 335-3500",#84 in National Universities (tie),More selective,15:1,NCAA I,83%,"Public, Coed",None,City,"$9,605 (2019-20)"
90,90,Clark University,"950 Main Street, Worcester, MA 01610 | (508) 793-7711",#91 in National Universities (tie),More selective,10:1,NCAA III,59%,"Private, Coed",None,City,"$47,200 (2019-20)"
91,91,Miami University--Oxford,"501 E. High Street, Oxford, OH 45056 | (513) 529-1809",#91 in National Universities (tie),More selective,17:1,NCAA I,75%,"Public, Coed",None,Rural,"$15,232 (2019-20)"
92,92,Stony Brook University--SUNY,"Administration Building, Stony Brook, NY 11794 | (631) 689-6000",#91 in National Universities (tie),More selective,18:1,NCAA I,42%,"Public, Coed",None,Suburban,"$10,076 (2019-20)"
93,93,University of California--Riverside,"900 University Avenue, Riverside, CA 92521 | (951) 827-1012",#91 in National Universities (tie),More selective,21:1,NCAA I,51%,"Public, Coed",None,City,"$13,827 (2019-20)"
94,94,University of Delaware,"Newark, DE 19716 | (302) 831-2000",#91 in National Universities (tie),More selective,12:1,NCAA I,62%,"Public, Coed",None,Suburban,"$13,680 (2019-20)"
95,95,University of San Diego,"5998 Alcala Park, San Diego, CA 92110 | (619) 260-4600",#91 in National Universities (tie),More selective,13:1,NCAA I,53%,"Private, Coed",Roman Catholic,Urban,"$51,186 (2019-20)"
96,96,Drexel University,"3141 Chestnut Street, Philadelphia, PA 19104 | (215) 895-2000",#97 in National Universities (tie),More selective,11:1,NCAA I,77%,"Private, Coed",None,Urban,"$54,516 (2019-20)"
97,97,New Jersey Institute of Technology,"University Heights, Newark, NJ 07102 | (973) 596-3000",#97 in National Universities (tie),More selective,16:1,NCAA I,64%,"Public, Coed",None,Urban,"$17,338 (2019-20)"
98,98,Saint Louis University,"One North Grand Boulevard, St. Louis, MO 63103 | (800) 758-3678",#97 in National Universities (tie),More selective,9:1,NCAA I,58%,"Private, Coed",Roman Catholic,Urban,"$45,424 (2019-20)"
99,99,Texas Christian University,"2800 S. University Drive, Fort Worth, TX 76129 | (817) 257-7000",#97 in National Universities (tie),More selective,13:1,NCAA I,41%,"Private, Coed", Christian Church (Disciples of Christ),Suburban,"$49,250 (2019-20)"
100,100,University of Denver,"2199 S. University Boulevard, Denver, CO 80208 | (303) 871-2000",#97 in National Universities (tie),More selective,12:1,NCAA I,56%,"Private, Coed",None,City,"$52,515 (2019-20)"
101,101,University of San Francisco,"2130 Fulton St., San Francisco, CA 94117 | (415) 422-5555",#97 in National Universities (tie),More selective,13:1,NCAA I,65%,"Private, Coed",Roman Catholic,Urban,"$50,282 (2019-20)"
102,102,Yeshiva University,"500 W. 185th Street, New York, NY 10033 | (212) 960-5400",#97 in National Universities (tie),More selective,7:1,NCAA III,60%,"Private, Coed",None,Urban,"$44,900 (2019-20)"
103,103,Auburn University,"202 Martin Hall, Auburn, AL 36849 | (334) 844-4000",#104 in National Universities (tie),More selective,19:1,NCAA I,75%,"Public, Coed",None,Suburban,"$11,492 (2019-20)"
104,104,Creighton University,"2500 California Plaza, Omaha, NE 68178 | (402) 280-2700",#104 in National Universities (tie),More selective,11:1,NCAA I,71%,"Private, Coed",Roman Catholic,Urban,"$41,400 (2019-20)"
105,105,Howard University,"2400 Sixth Street NW, Washington, DC 20059 | (202) 806-6100",#104 in National Universities (tie),More selective,8:1,NCAA I,32%,"Private, Coed",None,Urban,"$27,206 (2019-20)"
106,106,Loyola University Chicago,"1032 W. Sheridan Road, Chicago, IL 60660 | (773) 274-3000",#104 in National Universities (tie),More selective,14:1,NCAA I,68%,"Private, Coed",Roman Catholic,City,"$45,543 (2019-20)"
107,107,Rochester Institute of Technology,"1 Lomb Memorial Drive, Rochester, NY 14623 | (585) 475-2411",#104 in National Universities (tie),More selective,13:1,NCAA III,66%,"Private, Coed",None,Suburban,"$45,890 (2019-20)"
108,108,Temple University,"1801 N. Broad Street, Philadelphia, PA 19122 | (215) 204-7000",#104 in National Universities (tie),More selective,14:1,NCAA I,59%,"Public, Coed",None,Urban,"$19,748 (2019-20)"
109,109,University of California--Merced,"5200 North Lake Road, Merced, CA 95343 | (209) 228-4400",#104 in National Universities (tie),Selective,20:1,NAIA,66%,"Public, Coed",None,Rural,"$13,538 (2019-20)"
110,110,University of Colorado--Boulder,"Regent Administration Center, Room 125, 552 UCB, Boulder, CO 80309 | (303) 492-1411",#104 in National Universities (tie),More selective,18:1,NCAA I,82%,"Public, Coed",None,City,"$12,500 (2019-20)"
111,111,University of Oregon,"1226 University of Oregon, Eugene, OR 97403 | (541) 346-1000",#104 in National Universities (tie),Selective,16:1,NCAA I,83%,"Public, Coed",None,City,"$12,720 (2019-20)"
112,112,University of South Carolina,"Columbia, SC 29208 | (803) 777-7000",#104 in National Universities (tie),More selective,17:1,NCAA I,63%,"Public, Coed",None,City,"$12,688 (2019-20)"
113,113,University of South Florida,"4202 E. Fowler Avenue, Tampa, FL 33620 | (813) 974-2011",#104 in National Universities (tie),More selective,22:1,NCAA I,43%,"Public, Coed",None,Urban,"$6,410 (2019-20)"
114,114,University of Tennessee,"527 Andy Holt Tower, Knoxville, TN 37996 | (865) 974-1000",#104 in National Universities (tie),More selective,17:1,NCAA I,78%,"Public, Coed",None,Urban,"$13,264 (2019-20)"
115,115,University of Utah,"201 S. Presidents Circle, Salt Lake City, UT 84112 | (801) 581-7200",#104 in National Universities (tie),More selective,17:1,NCAA I,67%,"Public, Coed",None,Urban,"$9,498 (2019-20)"
116,116,Arizona State University--Tempe,"PO Box 871004, Tempe, AZ 85287 | (855) 278-5080",#117 in National Universities (tie),More selective,20:1,NCAA I,85%,"Public, Coed",None,Urban,"$11,338 (2019-20)"
117,117,Clarkson University,"8 Clarkson Avenue, Potsdam, NY 13699 | (315) 268-6400",#117 in National Universities (tie),More selective,13:1,NCAA III,71%,"Private, Coed",None,Rural,"$51,128 (2019-20)"
118,118,Illinois Institute of Technology,"10 West 35th Street, Chicago, IL 60616 | (312) 567-3000",#117 in National Universities (tie),More selective,12:1,NCAA III,58%,"Private, Coed",None,Urban,"$49,280 (2019-20)"
119,119,University of Arizona,"PO Box 210066, Tucson, AZ 85721 | (520) 621-2211",#117 in National Universities (tie),More selective,15:1,NCAA I,84%,"Public, Coed",None,City,"$12,467 (2019-20)"
120,120,Iowa State University,"100 Enrollment Services Center, Ames, IA 50011 | (515) 294-4111",#121 in National Universities (tie),More selective,19:1,NCAA I,91%,"Public, Coed",None,City,"$9,320 (2019-20)"
121,121,SUNY College of Environmental Science and Forestry,"1 Forestry Drive, Syracuse, NY 13210 | (315) 470-6500",#121 in National Universities (tie),More selective,13:1,,61%,"Public, Coed",None,City,"$8,864 (2019-20)"
122,122,University of Tulsa,"800 S. Tucker Drive, Tulsa, OK 74104 | (918) 631-2000",#121 in National Universities (tie),More selective,11:1,NCAA I,41%,"Private, Coed",Presbyterian Church (USA),City,"$42,238 (2019-20)"
123,123,University of Vermont,"194 S. Prospect Street, Burlington, VT 05405 | (802) 656-3131",#121 in National Universities (tie),More selective,18:1,NCAA I,68%,"Public, Coed",None,Suburban,"$18,802 (2019-20)"
124,124,Chapman University,"1 University Drive, Orange, CA 92866 | (714) 997-6815",#125 in National Universities (tie),More selective,13:1,NCAA III,54%,"Private, Coed", Christian Church (Disciples of Christ),Suburban,"$54,924 (2019-20)"
125,125,DePaul University,"1 E. Jackson Boulevard, Chicago, IL 60604 | (312) 362-8000",#125 in National Universities (tie),Selective,15:1,NCAA I,68%,"Private, Coed",Roman Catholic,Urban,"$41,202 (2019-20)"
126,126,Simmons University,"300 The Fenway, Boston, MA 02115 | (617) 521-2000",#125 in National Universities (tie),More selective,11:1,NCAA III,70%,"Private, Women's college",None,Urban,"$42,066 (2019-20)"
127,127,University of New Hampshire,"105 Main Street, Durham, NH 03824 | (603) 862-1234",#125 in National Universities (tie),Selective,19:1,NCAA I,77%,"Public, Coed",None,Suburban,"$18,879 (2019-20)"
128,128,University of the Pacific,"3601 Pacific Avenue, Stockton, CA 95211 | (209) 946-2285",#125 in National Universities (tie),More selective,13:1,NCAA I,63%,"Private, Coed",None,City,"$49,588 (2019-20)"
129,129,Drake University,"2507 University Ave., Des Moines, IA 50311 | (515) 271-3751",#130 in National Universities (tie),More selective,10:1,NCAA I,68%,"Private, Coed",None,City,"$42,840 (2019-20)"
130,130,University of Kansas,"1502 Iowa Street, Lawrence, KS 66045 | (785) 864-2700",#130 in National Universities (tie),More selective,17:1,NCAA I,92%,"Public, Coed",None,City,"$11,148 (2019-20)"
131,131,Duquesne University,"600 Forbes Avenue, Pittsburgh, PA 15282 | (412) 396-6000",#132 in National Universities (tie),More selective,14:1,NCAA I,72%,"Private, Coed",Roman Catholic,Urban,"$39,992 (2019-20)"
132,132,Rutgers University--Newark,"249 University Avenue, Newark, NJ 07102 | (973) 353-1766",#132 in National Universities (tie),Selective,16:1,NCAA III,63%,"Public, Coed",None,Urban,"$14,826 (2019-20)"
133,133,University of Dayton,"300 College Park, Dayton, OH 45469 | (937) 229-1000",#132 in National Universities (tie),Selective,14:1,NCAA I,72%,"Private, Coed",Roman Catholic,Suburban,"$44,100 (2019-20)"
134,134,University of Illinois--Chicago,"601 S. Morgan M/C 102, Chicago, IL 60607 | (312) 996-7000",#132 in National Universities (tie),Selective,18:1,NCAA I,76%,"Public, Coed",None,Urban,"$14,816 (2019-20)"
135,135,University of Kentucky,"101 Main Building, Lexington, KY 40506 | (859) 257-9000",#132 in National Universities (tie),More selective,16:1,NCAA I,94%,"Public, Coed",None,City,"$12,360 (2019-20)"
136,136,University of La Verne,"1950 Third Street, La Verne, CA 91750 | (909) 593-3511",#132 in National Universities (tie),Selective,12:1,NCAA III,51%,"Private, Coed",None,Suburban,"$44,500 (2019-20)"
137,137,University of Oklahoma,"660 Parrington Oval, Norman, OK 73019 | (405) 325-0311",#132 in National Universities (tie),More selective,18:1,NCAA I,78%,"Public, Coed",None,City,"$11,763 (2019-20)"
138,138,The Catholic University of America,"620 Michigan Avenue NE, Washington, DC 20064 | (202) 319-5000",#139 in National Universities (tie),Selective,7:1,NCAA III,84%,"Private, Coed",Roman Catholic,Urban,"$47,746 (2019-20)"
139,139,Oregon State University,"104 Kerr Administration Building, Corvallis, OR 97331 | (541) 737-1000",#139 in National Universities (tie),More selective,17:1,NCAA I,81%,"Public, Coed",None,City,"$11,709 (2019-20)"
140,140,Seattle University,"901 12th Avenue, Seattle, WA 98122 | (206) 296-6000",#139 in National Universities (tie),More selective,11:1,NCAA I,76%,"Private, Coed",Roman Catholic,Urban,"$46,590 (2019-20)"
141,141,Seton Hall University,"400 S. Orange Avenue, South Orange, NJ 07079 | (973) 761-9000",#139 in National Universities (tie),More selective,13:1,NCAA I,70%,"Private, Coed",Roman Catholic,Suburban,"$43,780 (2019-20)"
142,142,University of Cincinnati,"PO Box 210063, Cincinnati, OH 45221 | (513) 556-6000",#139 in National Universities (tie),More selective,16:1,NCAA I,73%,"Public, Coed",None,Urban,"$11,660 (2019-20)"
143,143,University of Missouri,"105 Jesse Hall, Columbia, MO 65211 | (573) 882-2121",#139 in National Universities (tie),More selective,17:1,NCAA I,78%,"Public, Coed",None,City,"$10,477 (2019-20)"
144,144,University of Nebraska--Lincoln,"14th and R Streets, Lincoln, NE 68588 | (402) 472-7211",#139 in National Universities (tie),More selective,18:1,NCAA I,80%,"Public, Coed",None,City,"$9,522 (2019-20)"
145,145,University of St. Thomas,"2115 Summit Avenue, St. Paul, MN 55105 | (651) 962-5000",#139 in National Universities (tie),More selective,14:1,NCAA III,82%,"Private, Coed",Roman Catholic,Urban,"$42,736 (2018-19)"
146,146,Michigan Technological University,"1400 Townsend Drive, Houghton, MI 49931 | (906) 487-1885",#147 in National Universities (tie),More selective,13:1,NCAA II,74%,"Public, Coed",None,Rural,"$15,960 (2019-20)"
147,147,Samford University,"800 Lakeshore Drive, Birmingham, AL 35229 | (205) 726-2011",#147 in National Universities (tie),More selective,13:1,NCAA I,82%,"Private, Coed", Baptist,Suburban,"$32,850 (2019-20)"
148,148,San Diego State University,"5500 Campanile Drive, San Diego, CA 92182 | (619) 594-5200",#147 in National Universities (tie),More selective,25:1,NCAA I,34%,"Public, Coed",None,Urban,"$7,510 (2019-20)"
149,149,University at Albany--SUNY,"1400 Washington Avenue, Albany, NY 12222 | (518) 442-3300",#147 in National Universities (tie),More selective,19:1,NCAA I,52%,"Public, Coed",None,Suburban,"$10,026 (2019-20)"
150,150,University of St. Joseph,"1678 Asylum Avenue, West Hartford, CT 06117 | (860) 232-4571",#147 in National Universities (tie),Selective,8:1,NCAA III,72%,"Private, Coed",Roman Catholic,Suburban,"$40,286 (2019-20)"
151,151,University of Texas--Dallas,"800 W. Campbell Road, Richardson, TX 75080 | (972) 883-2111",#147 in National Universities (tie),More selective,24:1,NCAA III,81%,"Public, Coed",None,Suburban,"$13,442 (2019-20)"
152,152,George Mason University,"4400 University Drive, Fairfax, VA 22030 | (703) 993-1000",#153 in National Universities (tie),More selective,17:1,NCAA I,81%,"Public, Coed",None,Suburban,"$12,564 (2019-20)"
153,153,Louisiana State University--Baton Rouge,"156 Thomas Boyd Hall, Baton Rouge, LA 70803 | (225) 578-3202",#153 in National Universities (tie),More selective,20:1,NCAA I,74%,"Public, Coed",None,Urban,"$11,962 (2019-20)"
154,154,Mercer University,"1501 Mercer University Drive, Macon, GA 31207 | (478) 301-2700",#153 in National Universities (tie),More selective,13:1,NCAA I,72%,"Private, Coed",None,City,"$37,808 (2019-20)"
155,155,The New School,"66 W. 12th Street, New York, NY 10011 | (212) 229-5600",#153 in National Universities (tie),Selective,9:1,,57%,"Private, Coed",None,Urban,"$50,954 (2019-20)"
156,156,Quinnipiac University,"275 Mount Carmel Avenue, Hamden, CT 06518 | (203) 582-8200",#153 in National Universities (tie),Selective,14:1,NCAA I,72%,"Private, Coed",Undenominational,Suburban,"$49,280 (2019-20)"
157,157,Thomas Jefferson University,"1020 Walnut Street, Philadelphia, PA 19107 | (215) 955-6000",#153 in National Universities (tie),Selective,13:1,NCAA II,58%,"Private, Coed",None,Urban,"$41,715 (2019-20)"
158,158,University of Alabama,"Box 870100, Tuscaloosa, AL 35487 | (205) 348-6010",#153 in National Universities (tie),More selective,22:1,NCAA I,59%,"Public, Coed",None,Suburban,"$10,780 (2019-20)"
159,159,University of Arkansas,"232 Silas Hunt Hall, Fayetteville, AR 72701 | (479) 575-2000",#153 in National Universities (tie),More selective,19:1,NCAA I,77%,"Public, Coed",None,City,"$9,384 (2019-20)"
160,160,Valparaiso University,"Kretzmann Hall, 1700 Chapel Drive, Valparaiso, IN 46383 | (219) 464-5000",#153 in National Universities (tie),More selective,11:1,NCAA I,89%,"Private, Coed",None,City,"$41,820 (2019-20)"
161,161,Hofstra University,"100 Hofstra University, Hempstead, NY 11549 | (516) 463-6600",#162 in National Universities (tie),More selective,13:1,NCAA I,63%,"Private, Coed",None,Suburban,"$47,510 (2019-20)"
162,162,Kansas State University,"Anderson Hall, Manhattan, KS 66506 | (785) 532-6011",#162 in National Universities (tie),Selective,18:1,NCAA I,94%,"Public, Coed",None,City,"$10,383 (2018-19)"
163,163,University of Mississippi,"PO Box 1848, University, MS 38677 | (662) 915-7211",#162 in National Universities (tie),More selective,17:1,NCAA I,88%,"Public, Coed",None,Rural,"$8,818 (2019-20)"
164,164,Virginia Commonwealth University,"Box 842527, Richmond, VA 23284 | (804) 828-0100",#162 in National Universities (tie),Selective,18:1,NCAA I,77%,"Public, Coed",None,Urban,"$14,596 (2019-20)"
165,165,Adelphi University,"1 South Avenue, Garden City, NY 11530 | (800) 233-5744",#166 in National Universities (tie),Selective,12:1,NCAA II,74%,"Private, Coed",None,Suburban,"$38,660 (2018-19)"
166,166,Belmont University,"1900 Belmont Boulevard, Nashville, TN 37212 | (615) 460-6000",#166 in National Universities (tie),More selective,13:1,NCAA I,82%,"Private, Coed",Interdenominational,Urban,"$35,650 (2019-20)"
167,167,Colorado State University,"1062 Campus Delivery, Fort Collins, CO 80523 | (970) 491-1101",#166 in National Universities (tie),Selective,16:1,NCAA I,84%,"Public, Coed",None,City,"$12,058 (2019-20)"
168,168,Montclair State University,"1 Normal Avenue, Montclair, NJ 07043 | (973) 655-4000",#166 in National Universities (tie),Selective,17:1,NCAA III,71%,"Public, Coed",None,Suburban,"$13,073 (2019-20)"
169,169,Rowan University,"201 Mullica Hill Road, Glassboro, NJ 08028 | (856) 256-4000",#166 in National Universities (tie),Selective,17:1,NCAA III,73%,"Public, Coed",None,Suburban,"$14,000 (2019-20)"
170,170,Rutgers University--Camden,"406 Penn Street, Camden, NJ 08102 | (856) 225-1766",#166 in National Universities (tie),Selective,15:1,NCAA III,71%,"Public, Coed",None,Urban,"$15,264 (2019-20)"
171,171,St. John Fisher College,"3690 East Avenue, Rochester, NY 14618 | (585) 385-8000",#166 in National Universities (tie),Selective,12:1,NCAA III,64%,"Private, Coed",Roman Catholic,Suburban,"$35,150 (2019-20)"
172,172,University of Alabama--Birmingham,"1720 2nd Ave S., Birmingham, AL 35294 | (205) 934-4011",#166 in National Universities (tie),More selective,19:1,NCAA I,92%,"Public, Coed",None,Urban,"$10,710 (2019-20)"
173,173,University of Central Florida,"4000 Central Florida Boulevard, Orlando, FL 32816 | (407) 823-2000",#166 in National Universities (tie),More selective,30:1,NCAA I,43%,"Public, Coed",None,Suburban,"$6,368 (2019-20)"
174,174,University of Hawaii--Manoa,"2500 Campus Road, Honolulu, HI 96822 | (808) 956-8111",#166 in National Universities (tie),Selective,10:1,NCAA I,83%,"Public, Coed",None,Urban,"$11,970 (2019-20)"
175,175,University of Maryland--Baltimore County,"1000 Hilltop Circle, Baltimore, MD 21250 | (410) 455-1000",#166 in National Universities (tie),More selective,19:1,NCAA I,58%,"Public, Coed",None,Suburban,"$12,028 (2019-20)"
176,176,University of Rhode Island,"Kingston, RI 02881 | (401) 874-1000",#166 in National Universities (tie),Selective,16:1,NCAA I,71%,"Public, Coed",None,Rural,"$14,566 (2019-20)"
177,177,Washington State University,"P.O Box 645910, Pullman, WA 99164 | (509) 335-3564",#166 in National Universities (tie),Selective,16:1,NCAA I,77%,"Public, Coed",None,Rural,"$11,841 (2019-20)"
178,178,Gallaudet University,"800 Florida Avenue NE, Washington, DC 20002 | (202) 651-5000",#179 in National Universities (tie),Less selective,6:1,NCAA III,57%,"Private, Coed",None,Urban,"$17,038 (2019-20)"
179,179,Missouri University of Science and Technology,"1870 Miner Circle, Rolla, MO 65409 | (573) 341-4111",#179 in National Universities (tie),More selective,19:1,NCAA II,84%,"Public, Coed",None,Rural,"$10,653 (2019-20)"
180,180,St. John's University,"8000 Utopia Parkway, Queens, NY 11439 | (718) 990-6161",#179 in National Universities (tie),Selective,17:1,NCAA I,73%,"Private, Coed",Roman Catholic,Urban,"$43,000 (2019-20)"
181,181,University of Detroit Mercy,"4001 W. McNichols, Detroit, MI 48221 | (313) 993-1000",#179 in National Universities (tie),Selective,11:1,NCAA I,83%,"Private, Coed",Roman Catholic,Urban,"$28,840 (2019-20)"
182,182,University of Idaho,"875 Perimeter Drive MS 2282, Moscow, ID 83844 | (208) 885-6111",#179 in National Universities (tie),Selective,15:1,NCAA I,77%,"Public, Coed",None,Rural,"$8,304 (2019-20)"
183,183,University of Massachusetts--Lowell,"1 University Avenue, Lowell, MA 01854 | (978) 934-4000",#179 in National Universities (tie),More selective,17:1,NCAA I,72%,"Public, Coed",None,City,"$15,180 (2019-20)"
184,184,Biola University,"13800 Biola Avenue, La Mirada, CA 90639 | (562) 903-6000",#185 in National Universities (tie),More selective,14:1,NCAA II,87%,"Private, Coed",Multiple Protestant Denomination,Suburban,"$41,976 (2019-20)"
185,185,Chatham University,"Woodland Road, Pittsburgh, PA 15232 | (412) 365-1100",#185 in National Universities (tie),Selective,10:1,NCAA III,55%,"Private, Coed",None,Urban,"$38,738 (2019-20)"
186,186,Ohio University,"1 Ohio University, Athens, OH 45701 | (740) 593-1000",#185 in National Universities (tie),Selective,17:1,NCAA I,78%,"Public, Coed",None,,"$12,612 (2019-20)"
187,187,Pacific University,"2043 College Way, Forest Grove, OR 97116 | (877) 722-8648",#185 in National Universities (tie),Selective,11:1,NCAA III,85%,"Private, Coed",None,Suburban,"$46,402 (2019-20)"
188,188,Union University,"1050 Union University Drive, Jackson, TN 38305 | (731) 668-1818",#185 in National Universities (tie),More selective,9:1,NCAA II,57%,"Private, Coed",Southern Baptist,City,"$33,900 (2019-20)"
189,189,University of Houston,"4800 Calhoun Road, Houston, TX 77204 | (713) 743-1000",#185 in National Universities (tie),More selective,22:1,NCAA I,62%,"Public, Coed",None,Urban,"$11,276 (2019-20)"
190,190,University of North Carolina--Wilmington,"601 S. College Road, Wilmington, NC 28403 | (910) 962-3000",#185 in National Universities (tie),More selective,17:1,NCAA I,61%,"Public, Coed",None,Urban,"$7,181 (2019-20)"
191,191,Ball State University,"2000 W. University Avenue, Muncie, IN 47306 | (765) 289-1241",#192 in National Universities (tie),Selective,,,62%,"Public, Coed",None,Suburban,"$10,080 (2019-20)"
192,192,Misericordia University,"301 Lake Street, Dallas, PA 18612 | (866) 262-6363",#192 in National Universities (tie),Selective,11:1,NCAA III,83%,"Private, Coed",Roman Catholic,Suburban,"$34,560 (2019-20)"
193,193,Oklahoma State University,"101 Whitehurst Hall, Stillwater, OK 74078 | (405) 744-5000",#192 in National Universities (tie),More selective,19:1,NCAA I,74%,"Public, Coed",None,City,"$9,019 (2019-20)"
194,194,Seattle Pacific University,"3307 Third Avenue W, Seattle, WA 98119 | (206) 281-2000",#192 in National Universities (tie),Selective,13:1,NCAA II,90%,"Private, Coed",Free Methodist,Urban,"$45,078 (2019-20)"
195,195,University of Louisville,"2301 S. Third Street, Louisville, KY 40292 | (502) 852-5555",#192 in National Universities (tie),Selective,14:1,NCAA I,73%,"Public, Coed",Undenominational,Urban,"$12,458 (2019-20)"
196,196,Bellarmine University,"2001 Newburg Road, Louisville, KY 40205 | (502) 272-8000",#197 in National Universities (tie),Selective,11:1,NCAA II,86%,"Private, Coed",Roman Catholic,Urban,"$42,430 (2019-20)"
197,197,Bethel University,"3900 Bethel Drive, St. Paul, MN 55112 | (651) 638-6400",#197 in National Universities (tie),More selective,12:1,NCAA III,71%,"Private, Coed", Baptist,Suburban,"$38,460 (2019-20)"
198,198,Illinois State University,"Campus Box 2200, Normal, IL 61790 | (309) 438-2181",#197 in National Universities (tie),Selective,18:1,NCAA I,89%,"Public, Coed",None,Urban,"$14,516 (2019-20)"
199,199,Loyola University New Orleans,"6363 St. Charles Avenue, New Orleans, LA 70118 | (504) 865-2011",#197 in National Universities (tie),Selective,12:1,NAIA,75%,"Private, Coed",Roman Catholic,Urban,"$40,592 (2019-20)"
200,200,Towson University,"8000 York Road, Towson, MD 21252 | (410) 704-2000",#197 in National Universities (tie),Selective,17:1,NCAA I,79%,"Public, Coed",None,Suburban,"$10,198 (2019-20)"
201,201,Edgewood College,"1000 Edgewood College Drive, Madison, WI 53711 | (608) 663-4861",#202 in National Universities (tie),Selective,10:1,NCAA III,73%,"Private, Coed",Roman Catholic,City,"$30,600 (2019-20)"
202,202,Florida Institute of Technology,"150 West University Boulevard, Melbourne, FL 32901 | (321) 674-8000",#202 in National Universities (tie),More selective,14:1,NCAA II,65%,"Private, Coed",None,City,"$42,470 (2019-20)"
203,203,Maryville University of St. Louis,"650 Maryville University Drive, St Louis, MO 63141 | (800) 627-9855",#202 in National Universities (tie),Selective,14:1,NCAA II,95%,"Private, Coed",None,Suburban,"$28,470 (2019-20)"
204,204,Pace University,"1 Pace Plaza, New York, NY 10038 | (866) 722-3338",#202 in National Universities (tie),Selective,14:1,NCAA II,76%,"Private, Coed",None,Urban,"$46,446 (2019-20)"
205,205,Regis University,"3333 Regis Boulevard, B-20, Denver, CO 80221 | (800) 388-2366",#202 in National Universities (tie),Selective,14:1,NCAA II,60%,"Private, Coed",Roman Catholic,Suburban,"$38,180 (2019-20)"
206,206,Robert Morris University,"6001 University Boulevard, Moon Township, PA 15108 | (412) 397-3000",#202 in National Universities (tie),Selective,15:1,NCAA I,85%,"Private, Coed",None,Suburban,"$31,200 (2019-20)"
207,207,University of Maine,"168 College Avenue, Orono, ME 04469 | (207) 581-1865",#202 in National Universities (tie),Selective,15:1,NCAA I,92%,"Public, Coed",None,Rural,"$11,438 (2019-20)"
208,208,University of St. Francis,"500 Wilcox Street, Joliet, IL 60435 | (800) 735-7500",#202 in National Universities (tie),Selective,12:1,NAIA,47%,"Private, Coed",Roman Catholic,Suburban,"$34,000 (2019-20)"
209,209,Widener University,"1 University Place, Chester, PA 19013 | (610) 499-4000",#202 in National Universities (tie),Selective,13:1,NCAA III,69%,"Private, Coed",None,Suburban,"$47,328 (2019-20)"
210,210,California State University--Fresno,"5150 N. Maple, Fresno, CA 93740 | (559) 278-4240",#211 in National Universities (tie),Selective,23:1,NCAA I,58%,"Public, Coed",None,Urban,"$6,587 (2019-20)"
211,211,Georgia State University,"PO Box 3965, Atlanta, GA 30302 | (404) 413-2000",#211 in National Universities (tie),Selective,25:1,NCAA I,57%,"Public, Coed",None,Urban,"$11,076 (2019-20)"
212,212,Immaculata University,"1145 King Road, Immaculata, PA 19345 | (610) 647-4400",#211 in National Universities (tie),Selective,9:1,NCAA III,81%,"Private, Coed",Roman Catholic,Suburban,"$27,350 (2019-20)"
213,213,Kent State University,"PO Box 5190, Kent, OH 44242 | (330) 672-3000",#211 in National Universities (tie),Selective,20:1,NCAA I,85%,"Public, Coed",None,Suburban,"$10,916 (2019-20)"
214,214,Mississippi State University,"PO Box 6018, Mississippi State, MS 39762 | (662) 325-2323",#211 in National Universities (tie),More selective,17:1,NCAA I,57%,"Public, Coed",None,Rural,"$8,910 (2019-20)"
215,215,University of Hartford,"200 Bloomfield Avenue, West Hartford, CT 06117 | (860) 768-4100",#211 in National Universities (tie),Selective,9:1,NCAA I,75%,"Private, Coed",None,Suburban,"$42,182 (2019-20)"
216,216,Wilkes University,"84 W. South Street, Wilkes-Barre, PA 18766 | (570) 408-5000",#211 in National Universities (tie),Selective,12:1,NCAA III,75%,"Private, Coed",None,City,"$37,622 (2019-20)"
217,217,Clarke University,"1550 Clarke Drive, Dubuque, IA 52001 | (563) 588-6300",#218 in National Universities (tie),Selective,9:1,NAIA,82%,"Private, Coed",Roman Catholic,Urban,"$34,670 (2019-20)"
218,218,Florida International University,"University Park, Miami, FL 33199 | (305) 348-2000",#218 in National Universities (tie),Selective,24:1,NCAA I,59%,"Public, Coed",None,Urban,"$6,558 (2019-20)"
219,219,Gannon University,"109 University Square, Erie, PA 16541 | (814) 871-7000",#218 in National Universities (tie),Selective,13:1,NCAA II,81%,"Private, Coed",Roman Catholic,City,"$33,226 (2019-20)"
220,220,Hampton University,"200 William R Harvey Way, Hampton, VA 23668 | (757) 727-5000",#218 in National Universities (tie),Selective,13:1,NCAA I,36%,"Private, Coed",None,Urban,"$28,024 (2019-20)"
221,221,Lipscomb University,"1 University Park Drive, Nashville, TN 37204 | (615) 966-1000",#218 in National Universities (tie),More selective,13:1,NCAA I,60%,"Private, Coed",Churches of Christ,Suburban,"$33,424 (2019-20)"
222,222,Sacred Heart University,"5151 Park Avenue, Fairfield, CT 06825 | (203) 371-7999",#218 in National Universities (tie),Selective,13:1,NCAA I,60%,"Private, Coed",Roman Catholic,Suburban,"$43,070 (2019-20)"
223,223,Texas Tech University,"Box 45005, Lubbock, TX 79409 | (806) 742-2011",#218 in National Universities (tie),Selective,20:1,NCAA I,71%,"Public, Coed",None,City,"$11,320 (2019-20)"
224,224,University of Massachusetts--Dartmouth,"285 Old Westport Road, North Dartmouth, MA 02747 | (508) 999-8000",#218 in National Universities (tie),Selective,16:1,NCAA III,78%,"Public, Coed",None,Suburban,"$14,358 (2019-20)"
225,225,University of New Mexico,"1 University of New Mexico, Albuquerque, NM 87131 | (505) 277-0111",#218 in National Universities (tie),Selective,17:1,NCAA I,52%,"Public, Coed",None,Urban,"$7,322 (2019-20)"
226,226,Western New England University,"1215 Wilbraham Road, Springfield, MA 01119 | (413) 782-3111",#218 in National Universities (tie),Selective,13:1,NCAA III,85%,"Private, Coed",None,Suburban,"$37,992 (2019-20)"
227,227,Azusa Pacific University,"901 E. Alosta Avenue, Azusa, CA 91702 | (626) 969-3434",#228 in National Universities (tie),Selective,11:1,NCAA II,69%,"Private, Coed",Evangelical Christian,Suburban,"$38,880 (2019-20)"
228,228,CUNY--City College,"160 Convent Avenue, New York, NY 10031 | (212) 650-7000",#228 in National Universities (tie),Selective,16:1,NCAA III,38%,"Public, Coed",None,Urban,"$7,205 (2019-20)"
229,229,East Carolina University,"East Fifth Street, Greenville, NC 27858 | (252) 328-6131",#228 in National Universities (tie),Selective,18:1,NCAA I,82%,"Public, Coed",None,City,"$7,239 (2019-20)"
230,230,Grand Valley State University,"1 Campus Drive, Allendale, MI 49401 | (616) 331-5000",#228 in National Universities (tie),Selective,16:1,NCAA II,83%,"Public, Coed",None,Suburban,"$12,860 (2019-20)"
231,231,Indiana University-Purdue University--Indianapolis,"420 University Boulevard, Indianapolis, IN 46202 | (317) 274-5555",#228 in National Universities (tie),Selective,15:1,NCAA I,81%,"Public, Coed",None,Urban,"$9,703 (2019-20)"
232,232,The Sage Colleges,"65 1st Street, Troy, NY 12180 | (518) 244-2000",#228 in National Universities (tie),Less selective,12:1,NCAA III,93%,"Private, Coed",None,City,"$31,883 (2019-20)"
233,233,St. Catherine University,"2004 Randolph Avenue, St. Paul, MN 55105 | (651) 690-6000",#228 in National Universities (tie),Selective,11:1,NCAA III,70%,"Private, Women's college",Roman Catholic,Urban,"$41,614 (2019-20)"
234,234,University of Indianapolis,"1400 E. Hanna Avenue, Indianapolis, IN 46227 | (317) 788-3368",#228 in National Universities (tie),Selective,13:1,NCAA II,81%,"Private, Coed",United Methodist,Urban,"$30,976 (2019-20)"
235,235,University of Massachusetts--Boston,"100 Morrissey Boulevard, Boston, MA 02125 | (617) 287-6000",#228 in National Universities (tie),Selective,16:1,NCAA III,78%,"Public, Coed",None,,"$14,613 (2019-20)"
236,236,University of North Carolina--Charlotte,"9201 University City Boulevard, Charlotte, NC 28223 | (704) 687-8622",#228 in National Universities (tie),Selective,19:1,NCAA I,67%,"Public, Coed",None,Suburban,"$6,854 (2019-20)"
237,237,University of Wyoming,"1000 E. University Avenue, Laramie, WY 82071 | (307) 766-1121",#228 in National Universities (tie),Selective,15:1,NCAA I,96%,"Public, Coed",None,Suburban,"$5,581 (2019-20)"
238,238,West Virginia University,"PO Box 6201, Morgantown, WV 26506 | (304) 442-3146",#228 in National Universities (tie),Selective,18:1,NCAA I,82%,"Public, Coed",None,Suburban,"$8,976 (2019-20)"
239,239,Central Michigan University,"Warriner Hall, Mount Pleasant, MI 48859 | (989) 774-4000",#240 in National Universities (tie),Selective,20:1,NCAA I,69%,"Public, Coed",None,Rural,"$12,960 (2018-19)"
240,240,Harding University,"915 E. Market Avenue, Searcy, AR 72149 | (501) 279-4000",#240 in National Universities (tie),More selective,14:1,NCAA II,68%,"Private, Coed",Churches of Christ,Suburban,"$20,530 (2019-20)"
241,241,Long Island University,"Brookville, NY | (516) 299-2000",#240 in National Universities (tie),Selective,11:1,NCAA I,76%,"Private, Coed",None,,"$38,368 (2019-20)"
242,242,Oklahoma City University,"2501 N. Blackwelder, Oklahoma City, OK 73106 | (405) 208-5000",#240 in National Universities (tie),Selective,10:1,NAIA,76%,"Private, Coed",United Methodist,Urban,"$32,594 (2019-20)"
243,243,University of Findlay,"1000 N. Main Street, Findlay, OH 45840 | (419) 422-8313",#240 in National Universities (tie),Selective,16:1,NCAA II,73%,"Private, Coed",Church of God,City,"$35,410 (2019-20)"
244,244,University of Nevada--Reno,"Reno, NV 89557 | (775) 784-1110",#240 in National Universities (tie),Selective,19:1,NCAA I,88%,"Public, Coed",None,Urban,"$8,024 (2019-20)"
245,245,Bowling Green State University,"110 McFall Center, Bowling Green, OH 43403 | (419) 372-2531",#246 in National Universities (tie),Selective,18:1,NCAA I,72%,"Public, Coed",None,Rural,"$11,318 (2019-20)"
246,246,George Fox University,"414 N. Meridian Street, Newberg, OR 97132 | (503) 538-8383",#246 in National Universities (tie),Selective,14:1,NCAA III,82%,"Private, Coed",Friends,Suburban,"$37,280 (2019-20)"
247,247,Lesley University,"29 Everett Street, Cambridge, MA 02138 | (617) 868-9600",#246 in National Universities (tie),Selective,10:1,NCAA III,76%,"Private, Coed",None,City,"$28,750 (2019-20)"
248,248,Montana State University,"Montana State University, Bozeman, MT 59717 | (406) 994-0211",#246 in National Universities (tie),Selective,19:1,NCAA I,82%,"Public, Coed",None,City,"$7,472 (2019-20)"
249,249,Nova Southeastern University,"3301 College Avenue, Ft. Lauderdale, FL 33314 | (800) 541-6682",#246 in National Universities (tie),More selective,17:1,NCAA II,79%,"Private, Coed",None,Suburban,"$32,150 (2019-20)"
250,250,University of New England,"Hills Beach Road, Biddeford, ME 04005 | (207) 283-0171",#246 in National Universities (tie),Selective,13:1,NCAA III,80%,"Private, Coed",None,Suburban,"$38,750 (2019-20)"
251,251,Wayne State University,"656 W. Kirby, Detroit, MI 48202 | (313) 577-2424",#246 in National Universities (tie),Selective,16:1,NCAA II,71%,"Public, Coed",None,Urban,"$14,629 (2019-20)"
252,252,Western Michigan University,"1903 W. Michigan Avenue, Kalamazoo, MI 49008 | (269) 387-1000",#246 in National Universities (tie),Selective,16:1,NCAA I,81%,"Public, Coed",None,City,"$13,017 (2019-20)"
253,253,Baker University,"PO Box 65, Baldwin City, KS 66006 | (785) 594-6451",#254 in National Universities (tie),Selective,12:1,NAIA,88%,"Private, Coed",United Methodist,Rural,"$29,800 (2019-20)"
254,254,College of St. Scholastica,"1200 Kenwood Avenue, Duluth, MN 55811 | (218) 723-6000",#254 in National Universities (tie),Selective,13:1,NCAA III,66%,"Private, Coed",Roman Catholic,Suburban,"$38,282 (2019-20)"
255,255,D'Youville College,"320 Porter Avenue, Buffalo, NY 14201 | (716) 829-8000",#254 in National Universities (tie),Selective,9:1,NCAA III,100%,"Private, Coed",None,Urban,"$27,940 (2019-20)"
256,256,Florida A&M University,"Lee Hall, Suite 400, Tallahassee, FL 32307 | (850) 599-3000",#254 in National Universities (tie),Selective,16:1,NCAA I,39%,"Public, Coed",None,City,"$5,785 (2019-20)"
257,257,Lincoln Memorial University,"Cumberland Gap Parkway, Harrogate, TN 37752 | (423) 869-3611",#254 in National Universities (tie),Selective,14:1,NCAA II,43%,"Private, Coed",None,Rural,"$22,740 (2019-20)"
258,258,Southern Illinois University--Carbondale,"Undergraduate Admissions, 1263 Lincoln Drive, Carbondale, IL 62901 | (618) 453-2121",#254 in National Universities (tie),More selective,13:1,NCAA I,72%,"Public, Coed",None,Rural,"$14,904 (2019-20)"
259,259,University of Colorado--Denver,"Campus Box 167  PO Box 173364, Denver, CO 80217 | (303) 556-5600",#254 in National Universities (tie),Selective,18:1,,64%,"Public, Coed",None,Urban,"$11,395 (2019-20)"
260,260,University of Montana,"32 Campus Drive, Missoula, MT 59812 | (406) 243-0211",#254 in National Universities (tie),Selective,16:1,NCAA I,88%,"Public, Coed",None,Urban,"$7,426 (2019-20)"
261,261,Utah State University,"Old Main Hill, Logan, UT 84322 | (435) 797-1000",#254 in National Universities (tie),Selective,20:1,NCAA I,89%,"Public, Coed",None,City,"$7,659 (2019-20)"
262,262,Daemen College,"4380 Main Street, Amherst, NY 14226 | (716) 839-3600",#263 in National Universities (tie),Selective,11:1,NCAA II,54%,"Private, Coed",None,Suburban,"$29,430 (2019-20)"
263,263,New Mexico State University,"Box 30001, MSC 3004, Las Cruces, NM 88003 | (575) 646-0111",#263 in National Universities (tie),Selective,17:1,NCAA I,66%,"Public, Coed",None,City,"$7,809 (2019-20)"
264,264,Old Dominion University,"5115 Hampton Boulevard, Norfolk, VA 23529 | (757) 683-3000",#263 in National Universities (tie),Selective,17:1,NCAA I,87%,"Public, Coed",None,Urban,"$11,212 (2019-20)"
265,265,Shenandoah University,"1460 University Drive, Winchester, VA 22601 | (540) 665-4500",#263 in National Universities (tie),Selective,10:1,NCAA III,70%,"Private, Coed",United Methodist,City,"$33,242 (2019-20)"
266,266,University of Alabama--Huntsville,"301 Sparkman Drive, Huntsville, AL 35899 | (256) 824-1000",#263 in National Universities (tie),More selective,18:1,NCAA II,81%,"Public, Coed",None,City,"$10,714 (2019-20)"
267,267,University of Alaska--Fairbanks,"PO Box 757500, Fairbanks, AK 99775 | (907) 474-7211",#263 in National Universities (tie),Selective,,,77%,"Public, Coed",None,Urban,"$8,800 (2018-19)"
268,268,University of Missouri--Kansas City,"5100 Rockhill Road, Kansas City, MO 64110 | (816) 235-1000",#263 in National Universities (tie),More selective,15:1,NCAA I,56%,"Public, Coed",None,Urban,"$10,396 (2019-20)"
269,269,University of North Dakota,"Gorecki Center 3501 University Avenue Stop 8357, Grand Forks, ND 58202 | (800) 225-5863",#263 in National Universities (tie),Selective,18:1,NCAA I,82%,"Public, Coed",None,City,"$9,736 (2019-20)"
270,270,University of South Dakota,"414 E. Clark Street, Vermillion, SD 57069 | (605) 677-5434",#263 in National Universities (tie),Selective,16:1,,86%,"Public, Coed",None,Rural,"$9,332 (2019-20)"
271,271,Campbell University,"PO Box 546, Buies Creek, NC 27506 | (800) 334-4111",#272 in National Universities (tie),Selective,16:1,NCAA I,76%,"Private, Coed",None,Rural,"$33,880 (2019-20)"
272,272,Keiser University,"1900 W. Commercial Boulevard, Ft. Lauderdale, FL 33309 | (866) 749-4456",#272 in National Universities (tie),Less selective,12:1,NAIA,100%,"Private, Coed",None,Urban,"$33,120 (2019-20)"
273,273,Louisiana Tech University,"700 W. California Avenue, Ruston, LA 71272 | (318) 257-0211",#272 in National Universities (tie),More selective,23:1,NCAA I,63%,"Public, Coed",None,Rural,"$10,185 (2019-20)"
274,274,Mary Baldwin University,"New and Frederick Streets, Staunton, VA 24401 | (540) 887-7019",#272 in National Universities (tie),Less selective,10:1,NCAA III,100%,"Private, Coed",None,City,"$31,085 (2019-20)"
275,275,South Dakota State University,"Box 2201, Brookings, SD 57007 | (605) 688-4121",#272 in National Universities (tie),Selective,17:1,NCAA I,92%,"Public, Coed",None,Rural,"$9,115 (2019-20)"
276,276,Tennessee Technological University,"Campus Box 5006 USPS 077-460, Cookeville, TN 38505 | (931) 372-3101",#272 in National Universities (tie),More selective,18:1,NCAA I,76%,"Public, Coed",None,Rural,"$8,900 (2019-20)"
277,277,University of Memphis,"Memphis, TN 38152 | (901) 678-2000",#272 in National Universities (tie),Selective,15:1,NCAA I,84%,"Public, Coed",None,Urban,"$9,701 (2019-20)"
278,278,University of North Carolina--Greensboro,"PO Box 26170, Greensboro, NC 27402 | (336) 334-5000",#272 in National Universities (tie),Selective,17:1,NCAA I,84%,"Public, Coed",None,Urban,"$7,404 (2019-20)"
279,279,University of the Incarnate Word,"4301 Broadway, San Antonio, TX 78209 | (210) 829-6000",#272 in National Universities (tie),Selective,11:1,NCAA I,88%,"Private, Coed",Roman Catholic,Urban,"$32,576 (2019-20)"
280,280,Concordia University Wisconsin,"12800 N. Lake Shore Drive, Mequon, WI 53097 | (262) 243-5700",#281 in National Universities (tie),Selective,12:1,NCAA III,65%,"Private, Coed",Lutheran Church - Missouri Synod,Suburban,"$30,352 (2019-20)"
281,281,Dallas Baptist University,"3000 Mountain Creek Parkway, Dallas, TX 75211 | (214) 333-7100",#281 in National Universities (tie),Selective,13:1,NCAA II,88%,"Private, Coed", Baptist,Suburban,"$30,320 (2019-20)"
282,282,Florida Atlantic University,"777 Glades Road, Boca Raton, FL 33431 | (561) 297-3000",#281 in National Universities (tie),Selective,21:1,NCAA I,59%,"Public, Coed",None,City,"$6,039 (2019-20)"
283,283,Gardner-Webb University,"PO Box 997, Boiling Springs, NC 28017 | (704) 406-4000",#281 in National Universities (tie),Selective,13:1,NCAA I,48%,"Private, Coed",None,Rural,"$31,460 (2019-20)"
284,284,North Carolina A&T State University,"1601 E. Market Street, Greensboro, NC 27411 | (336) 334-7500",#281 in National Universities (tie),Selective,18:1,NCAA I,61%,"Public, Coed",None,Urban,"$6,657 (2019-20)"
285,285,North Dakota State University,"PO Box 6050, Fargo, ND 58108 | (701) 231-8011",#281 in National Universities (tie),Selective,17:1,NCAA I,93%,"Public, Coed",None,City,"$10,516 (2019-20)"
286,286,Regent University,"1000 Regent University Drive, Virginia Beach, VA 23464 | (757) 352-4127",#281 in National Universities (tie),Less selective,19:1,,84%,"Private, Coed",Undenominational,Suburban,"$19,280 (2019-20)"
287,287,Sam Houston State University,"1806 Avenue J, Huntsville, TX 77340 | (936) 294-1111",#281 in National Universities (tie),Selective,24:1,NCAA I,79%,"Public, Coed",None,Rural,"$10,483 (2019-20)"
288,288,University of Missouri--St. Louis,"1 University Boulevard, St. Louis, MO 63121 | (314) 516-5000",#281 in National Universities (tie),More selective,19:1,NCAA II,73%,"Public, Coed",None,Urban,"$11,079 (2019-20)"
289,289,University of North Florida,"1 UNF Drive, Jacksonville, FL 32224 | (904) 620-1000",#281 in National Universities (tie),Selective,19:1,NCAA I,61%,"Public, Coed",None,Urban,"$6,394 (2018-19)"
290,290,University of North Texas,"1155 Union Circle #311425, Denton, TX 76203 | (940) 565-2000",#281 in National Universities (tie),Selective,24:1,NCAA I,71%,"Public, Coed",None,City,"$11,251 (2019-20)"
291,291,William Carey University,"710 William Carey Parkway, Hattiesburg, MS 39401 | (601) 318-6051",#281 in National Universities (tie),Selective,15:1,NAIA,68%,"Private, Coed",Southern Baptist,City,"$12,750 (2019-20)"
292,292,Andrews University,"Berrien Springs, MI 49104 | (800) 253-2874",#293-#381 in National Universities,Selective,10:1,,66%,"Private, Coed",Seventh Day Adventist,Rural,"$30,158 (2019-20)"
293,293,Arkansas State University,"PO Box 600, State University, AR 72467 | (870) 972-2100",#293-#381 in National Universities,Selective,16:1,NCAA I,77%,"Public, Coed",None,City,"$8,900 (2019-20)"
294,294,Augusta University,"1120 15th Street, Augusta, GA 30912 | (706) 721-0211",#293-#381 in National Universities,Less selective,,NCAA II,76%,"Public, Coed",None,Urban,"$8,604 (2018-19)"
295,295,Barry University,"11300 N.E. Second Avenue, Miami Shores, FL 33161 | (305) 899-3000",#293-#381 in National Universities,Less selective,11:1,NCAA II,91%,"Private, Coed",Roman Catholic,Urban,"$29,850 (2019-20)"
296,296,Benedictine University,"5700 College Rd., Lisle, IL 60532 | (630) 829-6000",#293-#381 in National Universities,Selective,15:1,NCAA III,65%,"Private, Coed",Roman Catholic,Suburban,"$34,290 (2019-20)"
297,297,Boise State University,"1910 University Drive, Boise, ID 83725 | (208) 426-1000",#293-#381 in National Universities,Selective,17:1,NCAA I,81%,"Public, Coed",None,City,"$8,068 (2019-20)"
298,298,Cardinal Stritch University,"6801 N. Yates Road, Milwaukee, WI 53217 | (414) 410-4000",#293-#381 in National Universities,Selective,10:1,NAIA,71%,"Private, Coed",Roman Catholic,Suburban,"$31,798 (2019-20)"
